{"cameraMode":{"drawMode":0,"name":"Shaded","section":"Shading Mode"},"sceneLighting":true,"audioPlay":false,"sceneViewState":{"showFog":true,"showMaterialUpdate":false,"showSkybox":true,"showFlares":true,"showImageEffects":true,"showParticleSystems":true,"showVisualEffectGraphs":true,"m_FxEnabled":true},"in2DMode":false,"pivot":{"x":0.7091811299324036,"y":0.40225502848625185,"z":-0.3923073410987854},"rotation":{"x":-0.020664528012275697,"y":0.6105350255966187,"z":-0.015938526019454004,"w":-0.7915633916854858},"size":1.930533528327942,"orthographic":true}